mode,circuit_id,selected_step_index,matrix_size,nnz_A,selected_edge_budget,interface_solve_mode,direct_solve_baseline,gmres_used,gmres_iterations,gmres_info,true_rel_residual,chosen_success,setup_time,solve_time,total_wall_time,peak_rss_kb,status,timeout_hit,P_nnz,P_factor_fill_nnz,failure_stage,failure_reason
semantic_cell_core_sparse,0,0,177,1141,,,False,True,8,0,1.2721717782248328e-09,True,0.006011659745126963,0.002880173735320568,0.01850172784179449,385680,ok,False,,,,
local_sparse_schur_sparse,0,0,177,1141,4096,spilu,False,True,7,0,3.8762719721777976e-13,True,0.028645989950746298,0.015342760365456343,0.050045534037053585,386332,ok,False,23,39,,
interface_basis_constant_r1_sparse,0,0,177,1141,,,False,True,7,0,7.541701091716034e-13,True,0.034352755174040794,0.015786956064403057,0.055894718039780855,387920,ok,False,23,39,,
interface_basis_constant_r2_sparse,0,0,177,1141,,,False,True,7,0,8.46623878755278e-13,True,0.02923676185309887,0.015887876972556114,0.05074545228853822,387952,ok,False,23,39,,
interface_basis_constant_r4_sparse,0,0,177,1141,,,False,True,7,0,8.46623878755278e-13,True,0.029648827854543924,0.015886473935097456,0.05127633083611727,388076,ok,False,23,39,,
interface_basis_graph_laplacian_r1_sparse,0,0,177,1141,,,False,True,7,0,3.87623384311538e-13,True,0.03330979123711586,0.023993770126253366,0.06514799129217863,388096,ok,False,23,39,,
interface_basis_graph_laplacian_r2_sparse,0,0,177,1141,,,False,True,7,0,8.466238787552778e-13,True,0.03227282827720046,0.01648092409595847,0.05452482821419835,388024,ok,False,23,39,,
interface_basis_graph_laplacian_r4_sparse,0,0,177,1141,,,False,True,7,0,1.0760283731729976e-12,True,0.03236451093107462,0.015818295069038868,0.0539844511076808,388012,ok,False,23,39,,
interface_basis_snapshot_pod_r1_sparse,0,0,177,1141,,,False,True,7,0,3.928414902402762e-13,True,0.03148199897259474,0.015546762850135565,0.05296854767948389,388036,ok,False,23,39,,
interface_basis_snapshot_pod_r2_sparse,0,0,177,1141,,,False,True,7,0,3.880640911615426e-13,True,0.029009073041379452,0.015431355684995651,0.05016704276204109,388028,ok,False,23,39,,
interface_basis_snapshot_pod_r4_sparse,0,0,177,1141,,,False,True,7,0,3.876194456321697e-13,True,0.030347043182700872,0.016047175973653793,0.0523233930580318,388040,ok,False,23,39,,
interface_basis_schur_low_rank_r1_sparse,0,0,177,1141,,,False,True,7,0,3.876359017032172e-13,True,0.03078638995066285,0.016027698758989573,0.0530195040628314,388000,ok,False,23,39,,
interface_basis_schur_low_rank_r2_sparse,0,0,177,1141,,,False,True,7,0,9.882675245322988e-13,True,0.029250327963382006,0.01527883904054761,0.05061927391216159,388040,ok,False,23,39,,
interface_basis_schur_low_rank_r4_sparse,0,0,177,1141,,,False,True,7,0,1.7028991536916367e-12,True,0.02919125696644187,0.016352692153304815,0.05147475562989712,388016,ok,False,23,39,,
semantic_cell_core_sparse,2,1,240,1512,,,False,True,12,0,4.750715571251086e-10,True,0.004856084007769823,0.002729729749262333,0.014389494899660349,385872,ok,False,,,,
local_sparse_schur_sparse,2,1,240,1512,4096,spilu,False,True,9,0,2.0757850197612638e-09,True,0.029782939702272415,0.023439907003194094,0.06100472994148731,386556,ok,False,41,67,,
interface_basis_constant_r1_sparse,2,1,240,1512,,,False,True,9,0,2.075785019118819e-09,True,0.17463725619018078,0.02406816929578781,0.20587116805836558,388676,ok,False,41,67,,
interface_basis_constant_r2_sparse,2,1,240,1512,,,False,True,9,0,2.078891035597383e-09,True,0.038287794683128595,0.024216708727180958,0.0692924652248621,388740,ok,False,41,67,,
interface_basis_constant_r4_sparse,2,1,240,1512,,,False,True,9,0,2.0469089894529033e-09,True,0.037482788786292076,0.024579491931945086,0.06892970204353333,388748,ok,False,41,67,,
interface_basis_graph_laplacian_r1_sparse,2,1,240,1512,,,False,True,9,0,2.07578471112806e-09,True,0.034281641244888306,0.02260762918740511,0.07290074927732348,388776,ok,False,41,67,,
interface_basis_graph_laplacian_r2_sparse,2,1,240,1512,,,False,True,9,0,2.081181382420358e-09,True,0.03910085512325168,0.02446243166923523,0.07017757184803486,388916,ok,False,41,67,,
interface_basis_graph_laplacian_r4_sparse,2,1,240,1512,,,False,True,9,0,2.050435941726899e-09,True,0.03803681209683418,0.024534648284316063,0.06956902565434575,388812,ok,False,41,67,,
interface_basis_snapshot_pod_r1_sparse,2,1,240,1512,,,False,True,9,0,2.0810828493036637e-09,True,0.03861904889345169,0.023692952934652567,0.06908289110288024,388792,ok,False,41,67,,
interface_basis_snapshot_pod_r2_sparse,2,1,240,1512,,,False,True,9,0,2.0626860619595365e-09,True,0.03571456903591752,0.024371260777115822,0.06636936124414206,388812,ok,False,41,67,,
interface_basis_snapshot_pod_r4_sparse,2,1,240,1512,,,False,True,9,0,2.0614956880850736e-09,True,0.03832572605460882,0.023151814006268978,0.06854241294786334,388924,ok,False,41,67,,
interface_basis_schur_low_rank_r1_sparse,2,1,240,1512,,,False,True,9,0,2.0757850197612638e-09,True,0.035178218968212605,0.02292761206626892,0.06470151105895638,388788,ok,False,41,67,,
interface_basis_schur_low_rank_r2_sparse,2,1,240,1512,,,False,True,9,0,2.075785019710806e-09,True,0.04144935682415962,0.02312983199954033,0.07113593630492687,388808,ok,False,41,67,,
interface_basis_schur_low_rank_r4_sparse,2,1,240,1512,,,False,True,9,0,2.0757427672306682e-09,True,0.03789818985387683,0.024188235867768526,0.06863271305337548,388928,ok,False,41,67,,
semantic_cell_core_sparse,4,2,432,2840,,,False,True,8,0,1.0473076124311863e-10,True,0.008139045909047127,0.0020675528794527054,0.02274743327870965,386756,ok,False,,,,
local_sparse_schur_sparse,4,2,432,2840,4096,spilu,False,True,7,0,5.2177618266254e-11,True,0.05173316225409508,0.033210673835128546,0.09791764477267861,387468,ok,False,53,83,,
interface_basis_constant_r1_sparse,4,2,432,2840,,,False,True,7,0,4.352623695129338e-11,True,0.06725329579785466,0.0359827340580523,0.11575561482459307,388588,ok,False,53,83,,
interface_basis_constant_r2_sparse,4,2,432,2840,,,False,True,7,0,2.7173688888078436e-11,True,0.07360972464084625,0.041025809943675995,0.12777247186750174,388552,ok,False,53,83,,
interface_basis_constant_r4_sparse,4,2,432,2840,,,False,True,7,0,2.0352660097414657e-11,True,0.06722246762365103,0.03671780787408352,0.1163992159999907,388576,ok,False,53,83,,
interface_basis_graph_laplacian_r1_sparse,4,2,432,2840,,,False,True,7,0,4.352623695129338e-11,True,0.06501708505675197,0.03547018999233842,0.11314570903778076,388620,ok,False,53,83,,
interface_basis_graph_laplacian_r2_sparse,4,2,432,2840,,,False,True,7,0,3.148241700117691e-11,True,0.10558872995898128,0.036286847200244665,0.15419870102778077,388652,ok,False,53,83,,
interface_basis_graph_laplacian_r4_sparse,4,2,432,2840,,,False,True,7,0,2.0352472173944203e-11,True,0.0905305459164083,0.04162045009434223,0.15011925995349884,388648,ok,False,53,83,,
interface_basis_snapshot_pod_r1_sparse,4,2,432,2840,,,False,True,7,0,5.218371054267004e-11,True,0.06736915418878198,0.03500485327094793,0.1151226432994008,388640,ok,False,53,83,,
interface_basis_snapshot_pod_r2_sparse,4,2,432,2840,,,False,True,7,0,5.35602980346944e-11,True,0.07577444100752473,0.0421156226657331,0.13203604938462377,388764,ok,False,53,83,,
interface_basis_snapshot_pod_r4_sparse,4,2,432,2840,,,False,True,7,0,6.139050108087605e-11,True,0.06739587429910898,0.034068699926137924,0.11411950271576643,388772,ok,False,53,83,,
interface_basis_schur_low_rank_r1_sparse,4,2,432,2840,,,False,True,7,0,5.217697322883248e-11,True,0.07147539593279362,0.034518356900662184,0.11852465802803636,388628,ok,False,53,83,,
interface_basis_schur_low_rank_r2_sparse,4,2,432,2840,,,False,True,7,0,1.8337127021256248e-11,True,0.06743017910048366,0.035411238204687834,0.11574735771864653,388676,ok,False,53,83,,
interface_basis_schur_low_rank_r4_sparse,4,2,432,2840,,,False,True,7,0,1.9850295904730734e-11,True,0.06730714812874794,0.03406050521880388,0.1144396960735321,388660,ok,False,53,83,,
semantic_cell_core_sparse,8,3,354,2218,,,False,True,14,0,1.4558412903367392e-09,True,0.01316426694393158,0.0037706000730395317,0.03038900112733245,386284,ok,False,,,,
local_sparse_schur_sparse,8,3,354,2218,4096,spilu,False,True,9,0,6.62724030180899e-10,True,0.05142977135255933,0.032879209611564875,0.09559696586802602,387052,ok,False,65,100,,
interface_basis_constant_r1_sparse,8,3,354,2218,,,False,True,9,0,6.627240301872509e-10,True,0.057368132285773754,0.032455361913889647,0.100167250726372,389652,ok,False,65,100,,
interface_basis_constant_r2_sparse,8,3,354,2218,,,False,True,9,0,6.627240301872509e-10,True,0.05909190932288766,0.03178119193762541,0.10015584016218781,389628,ok,False,65,100,,
interface_basis_constant_r4_sparse,8,3,354,2218,,,False,True,9,0,6.627240301872509e-10,True,0.15053126588463783,0.03339985013008118,0.1962768016383052,389620,ok,False,65,100,,
interface_basis_graph_laplacian_r1_sparse,8,3,354,2218,,,False,True,9,0,6.627240301872509e-10,True,0.05224682902917266,0.03163341386243701,0.09350600792095065,389756,ok,False,65,100,,
interface_basis_graph_laplacian_r2_sparse,8,3,354,2218,,,False,True,9,0,6.627240302028492e-10,True,0.059315208811312914,0.03527622390538454,0.1049535539932549,389760,ok,False,65,100,,
interface_basis_graph_laplacian_r4_sparse,8,3,354,2218,,,False,True,9,0,6.627240303912951e-10,True,0.04846577998250723,0.03129110997542739,0.08896541921421885,389892,ok,False,65,100,,
interface_basis_snapshot_pod_r1_sparse,8,3,354,2218,,,False,True,9,0,6.627240303116185e-10,True,0.05166792869567871,0.033998148050159216,0.0947909876704216,389768,ok,False,65,100,,
interface_basis_snapshot_pod_r2_sparse,8,3,354,2218,,,False,True,9,0,6.627240301510124e-10,True,0.05162090016528964,0.03377617010846734,0.09452083008363843,389776,ok,False,65,100,,
interface_basis_snapshot_pod_r4_sparse,8,3,354,2218,,,False,True,9,0,6.627240302672643e-10,True,0.05320598464459181,0.03332149423658848,0.09613555995747447,389788,ok,False,65,100,,
interface_basis_schur_low_rank_r1_sparse,8,3,354,2218,,,False,True,9,0,6.627240303729334e-10,True,0.0623132330365479,0.03390795784071088,0.10802905494347215,389728,ok,False,65,100,,
interface_basis_schur_low_rank_r2_sparse,8,3,354,2218,,,False,True,9,0,6.627240302718358e-10,True,0.05830952478572726,0.03275613812729716,0.10029849922284484,389868,ok,False,65,100,,
interface_basis_schur_low_rank_r4_sparse,8,3,354,2218,,,False,True,9,0,6.627240301642965e-10,True,0.0515336561948061,0.03206693101674318,0.0940839471295476,389748,ok,False,65,100,,
semantic_cell_core_sparse,11,4,364,2384,,,False,True,8,0,1.0114601768917774e-10,True,0.0070722270756959915,0.002046183217316866,0.019565511029213667,386472,ok,False,,,,
local_sparse_schur_sparse,11,4,364,2384,4096,spilu,False,True,7,0,1.3645716429976373e-11,True,0.043127247132360935,0.029521418269723654,0.08299170015379786,387212,ok,False,45,69,,
interface_basis_constant_r1_sparse,11,4,364,2384,,,False,True,7,0,8.023647922904055e-12,True,0.059213337022811174,0.0293692909181118,0.10120526608079672,389056,ok,False,45,69,,
interface_basis_constant_r2_sparse,11,4,364,2384,,,False,True,7,0,9.958878844349803e-12,True,0.05063037481158972,0.028767467942088842,0.08977328008040786,389096,ok,False,45,69,,
interface_basis_constant_r4_sparse,11,4,364,2384,,,False,True,7,0,8.65702541574552e-12,True,0.09139457298442721,0.04801043216139078,0.1570477052591741,389136,ok,False,45,69,,
interface_basis_graph_laplacian_r1_sparse,11,4,364,2384,,,False,True,7,0,1.3658294050590938e-11,True,0.05041930824518204,0.027834751643240452,0.08809193409979343,389124,ok,False,45,69,,
interface_basis_graph_laplacian_r2_sparse,11,4,364,2384,,,False,True,7,0,8.489226785473522e-12,True,0.056467074900865555,0.029555222019553185,0.0969976233318448,389192,ok,False,45,69,,
interface_basis_graph_laplacian_r4_sparse,11,4,364,2384,,,False,True,7,0,7.994441920573929e-12,True,0.05913930665701628,0.028966733254492283,0.09871648019179702,389264,ok,False,45,69,,
interface_basis_snapshot_pod_r1_sparse,11,4,364,2384,,,False,True,7,0,1.3657634827492798e-11,True,0.051503137685358524,0.028495727106928825,0.09023781539872289,389148,ok,False,45,69,,
interface_basis_snapshot_pod_r2_sparse,11,4,364,2384,,,False,True,7,0,1.3628643079876902e-11,True,0.059018610045313835,0.02920992113649845,0.09869880694895983,389196,ok,False,45,69,,
interface_basis_snapshot_pod_r4_sparse,11,4,364,2384,,,False,True,7,0,1.7749245330554902e-11,True,0.05525862006470561,0.029860485810786486,0.095483492128551,389176,ok,False,45,69,,
interface_basis_schur_low_rank_r1_sparse,11,4,364,2384,,,False,True,7,0,1.3646373123925252e-11,True,0.05551453121006489,0.02919158712029457,0.09491748688742518,389152,ok,False,45,69,,
interface_basis_schur_low_rank_r2_sparse,11,4,364,2384,,,False,True,7,0,4.860587834684638e-12,True,0.049821633379906416,0.028050288092345,0.08812485635280609,389188,ok,False,45,69,,
interface_basis_schur_low_rank_r4_sparse,11,4,364,2384,,,False,True,7,0,6.478381777260383e-12,True,0.05284893186762929,0.028389206156134605,0.09131483314558864,389184,ok,False,45,69,,
semantic_cell_core_sparse,14,5,367,2387,,,False,True,7,0,2.2225427577149685e-09,True,0.007039574906229973,0.001874399371445179,0.01901898207142949,386428,ok,False,,,,
local_sparse_schur_sparse,14,5,367,2387,4096,spilu,False,True,5,0,1.551677618153213e-12,True,0.042262217961251736,0.02225101785734296,0.07956465799361467,387156,ok,False,48,72,,
interface_basis_constant_r1_sparse,14,5,367,2387,,,False,True,5,0,3.440473416412157e-10,True,0.05515707889571786,0.02355141704902053,0.08875255892053246,389104,ok,False,48,72,,
interface_basis_constant_r2_sparse,14,5,367,2387,,,False,True,5,0,3.440473416412157e-10,True,0.0517832669429481,0.023184935562312603,0.08468383690342307,389092,ok,False,48,72,,
interface_basis_constant_r4_sparse,14,5,367,2387,,,False,True,5,0,3.440473416412157e-10,True,0.056822994723916054,0.023492464795708656,0.09162896499037743,389104,ok,False,48,72,,
interface_basis_graph_laplacian_r1_sparse,14,5,367,2387,,,False,True,5,0,3.4404734164121614e-10,True,0.05609771003946662,0.02458778815343976,0.09127736184746027,389184,ok,False,48,72,,
interface_basis_graph_laplacian_r2_sparse,14,5,367,2387,,,False,True,5,0,3.4854843383561053e-10,True,0.05578675400465727,0.023352802731096745,0.08941799122840166,389204,ok,False,48,72,,
interface_basis_graph_laplacian_r4_sparse,14,5,367,2387,,,False,True,5,0,3.8545655947180476e-10,True,0.05211408901959658,0.02235741773620248,0.08441081270575523,389204,ok,False,48,72,,
interface_basis_snapshot_pod_r1_sparse,14,5,367,2387,,,False,True,5,0,1.5847121181915897e-12,True,0.056480912026017904,0.02297982992604375,0.09089680528268218,389200,ok,False,48,72,,
interface_basis_snapshot_pod_r2_sparse,14,5,367,2387,,,False,True,5,0,2.0862058339516907e-12,True,0.06243235804140568,0.023065110202878714,0.09608888207003474,389216,ok,False,48,72,,
interface_basis_snapshot_pod_r4_sparse,14,5,367,2387,,,False,True,5,0,2.4371842713088543e-12,True,0.05800861772149801,0.023204102646559477,0.09182400209829211,389232,ok,False,48,72,,
interface_basis_schur_low_rank_r1_sparse,14,5,367,2387,,,False,True,5,0,1.5516776183301412e-12,True,0.06699210405349731,0.037227647844702005,0.11465313797816634,389216,ok,False,48,72,,
interface_basis_schur_low_rank_r2_sparse,14,5,367,2387,,,False,True,5,0,1.5516596182391413e-12,True,0.07386356266215444,0.02940380573272705,0.11787060601636767,389232,ok,False,48,72,,
interface_basis_schur_low_rank_r4_sparse,14,5,367,2387,,,False,True,5,0,1.9588235756952085e-12,True,0.05617082817479968,0.024968032725155354,0.09164479421451688,389368,ok,False,48,72,,
semantic_cell_core_sparse,18,6,313,2045,,,False,True,8,0,1.176224072207347e-10,True,0.006335119251161814,0.0027965158224105835,0.01932690106332302,386284,ok,False,,,,
local_sparse_schur_sparse,18,6,313,2045,4096,spilu,False,True,7,0,3.0558744205251996e-10,True,0.03805649885907769,0.025141260121017694,0.07382995914667845,386952,ok,False,39,58,,
interface_basis_constant_r1_sparse,18,6,313,2045,,,False,True,7,0,1.167922617724891e-10,True,0.05346891097724438,0.031275390181690454,0.09640089981257915,388328,ok,False,39,58,,
interface_basis_constant_r2_sparse,18,6,313,2045,,,False,True,7,0,1.1693274882852782e-10,True,0.049485288094729185,0.02578138606622815,0.08422755729407072,388296,ok,False,39,58,,
interface_basis_constant_r4_sparse,18,6,313,2045,,,False,True,7,0,1.1693274882852782e-10,True,0.05358132207766175,0.02689342014491558,0.09101202199235559,388276,ok,False,39,58,,
interface_basis_graph_laplacian_r1_sparse,18,6,313,2045,,,False,True,7,0,3.0558749738625196e-10,True,0.04974625073373318,0.026963121257722378,0.08572531724348664,388324,ok,False,39,58,,
interface_basis_graph_laplacian_r2_sparse,18,6,313,2045,,,False,True,7,0,1.1693299123507473e-10,True,0.06399593176320195,0.042172630317509174,0.11889010714367032,388348,ok,False,39,58,,
interface_basis_graph_laplacian_r4_sparse,18,6,313,2045,,,False,True,7,0,1.0711200567046518e-10,True,0.05210028309375048,0.0254962588660419,0.08847584715113044,388380,ok,False,39,58,,
interface_basis_snapshot_pod_r1_sparse,18,6,313,2045,,,False,True,7,0,3.0558960866587937e-10,True,0.05038487305864692,0.02605229616165161,0.08681843616068363,388380,ok,False,39,58,,
interface_basis_snapshot_pod_r2_sparse,18,6,313,2045,,,False,True,7,0,3.0275632629025045e-10,True,0.04783427994698286,0.025274140294641256,0.0838619489222765,388412,ok,False,39,58,,
interface_basis_snapshot_pod_r4_sparse,18,6,313,2045,,,False,True,7,0,3.582916462693302e-10,True,0.05256137205287814,0.041855402290821075,0.10341250197961926,388424,ok,False,39,58,,
interface_basis_schur_low_rank_r1_sparse,18,6,313,2045,,,False,True,7,0,1.0930676896043622e-10,True,0.06914387503638864,0.044503729324787855,0.12701510544866323,388320,ok,False,39,58,,
interface_basis_schur_low_rank_r2_sparse,18,6,313,2045,,,False,True,7,0,1.0876955631214766e-10,True,0.05013796826824546,0.026088915299624205,0.08620612323284149,388340,ok,False,39,58,,
interface_basis_schur_low_rank_r4_sparse,18,6,313,2045,,,False,True,7,0,7.681924115517892e-11,True,0.05738531379029155,0.033171662129461765,0.10037070512771606,388368,ok,False,39,58,,
semantic_cell_core_sparse,19,7,160,1028,,,False,True,8,0,9.834282985264464e-11,True,0.003685359377413988,0.0020287400111556053,0.011350562795996666,385488,ok,False,,,,
local_sparse_schur_sparse,19,7,160,1028,4096,spilu,False,True,7,0,2.955892136352363e-12,True,0.022316691000014544,0.01397365191951394,0.04125997191295028,386144,ok,False,21,31,,
interface_basis_constant_r1_sparse,19,7,160,1028,,,False,True,7,0,4.161711900124636e-12,True,0.027822459116578102,0.014349459204822779,0.0477083926089108,387632,ok,False,21,31,,
interface_basis_constant_r2_sparse,19,7,160,1028,,,False,True,7,0,1.3145389241705392e-11,True,0.028072269167751074,0.013865398243069649,0.04710907395929098,387676,ok,False,21,31,,
interface_basis_constant_r4_sparse,19,7,160,1028,,,False,True,7,0,8.521640317196723e-12,True,0.035764243453741074,0.015187266748398542,0.05727587779983878,387672,ok,False,21,31,,
interface_basis_graph_laplacian_r1_sparse,19,7,160,1028,,,False,True,7,0,3.0139049106210252e-12,True,0.026762522757053375,0.014589812140911818,0.045879348646849394,387748,ok,False,21,31,,
interface_basis_graph_laplacian_r2_sparse,19,7,160,1028,,,False,True,7,0,1.3145389241705392e-11,True,0.13474381808191538,0.01836682390421629,0.1581913991831243,387768,ok,False,21,31,,
interface_basis_graph_laplacian_r4_sparse,19,7,160,1028,,,False,True,7,0,8.74535055445449e-12,True,0.027299094013869762,0.01550401421263814,0.04747782973572612,387772,ok,False,21,31,,
interface_basis_snapshot_pod_r1_sparse,19,7,160,1028,,,False,True,7,0,2.6270850290726906e-12,True,0.026408766862004995,0.019147925078868866,0.05004041502252221,387740,ok,False,21,31,,
interface_basis_snapshot_pod_r2_sparse,19,7,160,1028,,,False,True,7,0,2.5494522694151797e-12,True,0.03135546064004302,0.014762076083570719,0.05135157285258174,387792,ok,False,21,31,,
interface_basis_snapshot_pod_r4_sparse,19,7,160,1028,,,False,True,7,0,3.5466600404156135e-12,True,0.03291803319007158,0.015156027860939503,0.05328389164060354,387796,ok,False,21,31,,
interface_basis_schur_low_rank_r1_sparse,19,7,160,1028,,,False,True,7,0,2.9559105865320032e-12,True,0.029808569233864546,0.015385489910840988,0.050247443839907646,387728,ok,False,21,31,,
interface_basis_schur_low_rank_r2_sparse,19,7,160,1028,,,False,True,7,0,1.5844526432445556e-12,True,0.03080670814961195,0.014606122393161058,0.05047194706276059,387764,ok,False,21,31,,
interface_basis_schur_low_rank_r4_sparse,19,7,160,1028,,,False,True,7,0,4.9559681833799015e-12,True,0.02994233090430498,0.014552551787346601,0.04991835542023182,387752,ok,False,21,31,,
semantic_cell_core_sparse,21,8,274,1738,,,False,True,14,0,6.096222612351127e-09,True,0.005742162000387907,0.0034253601916134357,0.01740057487040758,385984,ok,False,,,,
local_sparse_schur_sparse,21,8,274,1738,4096,spilu,False,True,11,0,1.687747678590548e-09,True,0.03426233399659395,0.03128069080412388,0.07394902314990759,386676,ok,False,45,68,,
interface_basis_constant_r1_sparse,21,8,274,1738,,,False,True,11,0,1.6877476566203404e-09,True,0.04346070438623428,0.03132858965545893,0.08240223117172718,389188,ok,False,45,68,,
interface_basis_constant_r2_sparse,21,8,274,1738,,,False,True,11,0,1.687747465365009e-09,True,0.04375128215178847,0.03135470021516085,0.08406529203057289,389228,ok,False,45,68,,
interface_basis_constant_r4_sparse,21,8,274,1738,,,False,True,11,0,1.6877475644971845e-09,True,0.040445858146995306,0.032354211900383234,0.08024725271388888,389256,ok,False,45,68,,
interface_basis_graph_laplacian_r1_sparse,21,8,274,1738,,,False,True,11,0,1.6877476833441813e-09,True,0.04640573030337691,0.032304198015481234,0.08671261696144938,389276,ok,False,45,68,,
interface_basis_graph_laplacian_r2_sparse,21,8,274,1738,,,False,True,11,0,1.6877477298449985e-09,True,0.04202237678691745,0.031231338158249855,0.08125445898622274,389300,ok,False,45,68,,
interface_basis_graph_laplacian_r4_sparse,21,8,274,1738,,,False,True,11,0,1.6877484066945716e-09,True,0.04420033795759082,0.03259739000350237,0.08527292590588331,389332,ok,False,45,68,,
interface_basis_snapshot_pod_r1_sparse,21,8,274,1738,,,False,True,11,0,1.687734890494725e-09,True,0.04679437167942524,0.031761806923896074,0.08810818428173661,389304,ok,False,45,68,,
interface_basis_snapshot_pod_r2_sparse,21,8,274,1738,,,False,True,11,0,1.6877461849920158e-09,True,0.051277052611112595,0.04357918817549944,0.10259686596691608,389436,ok,False,45,68,,
interface_basis_snapshot_pod_r4_sparse,21,8,274,1738,,,False,True,11,0,1.6877479174549449e-09,True,0.05548753123730421,0.045414313673973083,0.1119611500762403,389352,ok,False,45,68,,
interface_basis_schur_low_rank_r1_sparse,21,8,274,1738,,,False,True,11,0,1.687747760897439e-09,True,0.04151589283719659,0.031015972141176462,0.08021651487797499,389284,ok,False,45,68,,
interface_basis_schur_low_rank_r2_sparse,21,8,274,1738,,,False,True,11,0,1.6877477700466688e-09,True,0.0480636116117239,0.033136575017124414,0.0900812903419137,389332,ok,False,45,68,,
interface_basis_schur_low_rank_r4_sparse,21,8,274,1738,,,False,True,11,0,1.6877474630457836e-09,True,0.04030273901298642,0.030622531194239855,0.07919215643778443,389336,ok,False,45,68,,
semantic_cell_core_sparse,27,9,350,2282,,,False,True,6,0,1.3212035650051285e-09,True,0.006709895096719265,0.0017849807627499104,0.01903553307056427,386360,ok,False,,,,
local_sparse_schur_sparse,27,9,350,2282,4096,spilu,False,True,5,0,1.862608476634263e-12,True,0.041863726917654276,0.021032683551311493,0.07329282816499472,387036,ok,False,46,71,,
interface_basis_constant_r1_sparse,27,9,350,2282,,,False,True,5,0,1.862608481617396e-12,True,0.054387740790843964,0.021787114907056093,0.08698986796662211,388100,ok,False,46,71,,
interface_basis_constant_r2_sparse,27,9,350,2282,,,False,True,5,0,1.135161352850183e-10,True,0.09004559274762869,0.039035672787576914,0.14735213899984956,388040,ok,False,46,71,,
interface_basis_constant_r4_sparse,27,9,350,2282,,,False,True,5,0,5.998954591213739e-10,True,0.05856798170134425,0.038230556063354015,0.10699026891961694,389868,ok,False,46,71,,
interface_basis_graph_laplacian_r1_sparse,27,9,350,2282,,,False,True,5,0,5.827870798042983e-11,True,0.08889790158718824,0.03466158593073487,0.13990215072408319,388128,ok,False,46,71,,
interface_basis_graph_laplacian_r2_sparse,27,9,350,2282,,,False,True,5,0,9.886879158436025e-11,True,0.05757065303623676,0.02236058423295617,0.0932504371739924,389828,ok,False,46,71,,
interface_basis_graph_laplacian_r4_sparse,27,9,350,2282,,,False,True,5,0,5.216551036157745e-10,True,0.058032453060150146,0.022559108212590218,0.09240069799125195,389804,ok,False,46,71,,
interface_basis_snapshot_pod_r1_sparse,27,9,350,2282,,,False,True,5,0,3.72060672202362e-12,True,0.062403502874076366,0.021547784097492695,0.09528652112931013,388128,ok,False,46,71,,
interface_basis_snapshot_pod_r2_sparse,27,9,350,2282,,,False,True,5,0,5.869848442593078e-12,True,0.0585906240157783,0.02184400102123618,0.09072737721726298,388176,ok,False,46,71,,
interface_basis_snapshot_pod_r4_sparse,27,9,350,2282,,,False,True,5,0,5.15482797984561e-12,True,0.0888759708032012,0.03794569009914994,0.14336886769160628,388160,ok,False,46,71,,
interface_basis_schur_low_rank_r1_sparse,27,9,350,2282,,,False,True,5,0,1.8626096545904607e-12,True,0.05718262307345867,0.022644688840955496,0.09137782175093889,388100,ok,False,46,71,,
interface_basis_schur_low_rank_r2_sparse,27,9,350,2282,,,False,True,5,0,2.7500829982529445e-12,True,0.05657432693988085,0.022934495005756617,0.08991895522922277,388160,ok,False,46,71,,
interface_basis_schur_low_rank_r4_sparse,27,9,350,2282,,,False,True,5,0,6.780501975904957e-12,True,0.05441043293103576,0.022066872101277113,0.0874708341434598,389932,ok,False,46,71,,
semantic_cell_core_sparse,28,10,398,2614,,,False,True,6,0,1.2514560334074078e-09,True,0.00761518906801939,0.0017608855850994587,0.021579212974756956,386592,ok,False,,,,
local_sparse_schur_sparse,28,10,398,2614,4096,spilu,False,True,5,0,2.0856134222549337e-12,True,0.0807794351130724,0.0401745168492198,0.14119055680930614,387388,ok,False,49,73,,
interface_basis_constant_r1_sparse,28,10,398,2614,,,False,True,5,0,4.3916369442120315e-10,True,0.06488147983327508,0.024342705961316824,0.10174685623496771,388388,ok,False,49,73,,
interface_basis_constant_r2_sparse,28,10,398,2614,,,False,True,5,0,7.289407674827179e-10,True,0.06057926779612899,0.025764953810721636,0.09820611914619803,388424,ok,False,49,73,,
interface_basis_constant_r4_sparse,28,10,398,2614,,,False,True,5,0,7.869346259848983e-10,True,0.061850572004914284,0.02732846885919571,0.10102157993242145,388424,ok,False,49,73,,
interface_basis_graph_laplacian_r1_sparse,28,10,398,2614,,,False,True,5,0,7.653214179418606e-10,True,0.06356591312214732,0.02404280100017786,0.10032174224033952,388452,ok,False,49,73,,
interface_basis_graph_laplacian_r2_sparse,28,10,398,2614,,,False,True,5,0,8.600808771901513e-10,True,0.09589240187779069,0.03387105790898204,0.14867799589410424,388492,ok,False,49,73,,
interface_basis_graph_laplacian_r4_sparse,28,10,398,2614,,,False,True,5,0,6.533352172371397e-10,True,0.06681751506403089,0.024035317823290825,0.10340600041672587,388592,ok,False,49,73,,
interface_basis_snapshot_pod_r1_sparse,28,10,398,2614,,,False,True,5,0,4.286601732530041e-12,True,0.06641531782224774,0.02659999718889594,0.10611268691718578,388472,ok,False,49,73,,
interface_basis_snapshot_pod_r2_sparse,28,10,398,2614,,,False,True,5,0,4.944430683739089e-12,True,0.05894149374216795,0.024221708066761494,0.09492891794070601,388504,ok,False,49,73,,
interface_basis_snapshot_pod_r4_sparse,28,10,398,2614,,,False,True,5,0,1.9401536524567196e-12,True,0.05961452191695571,0.025400277227163315,0.0966377048753202,388508,ok,False,49,73,,
interface_basis_schur_low_rank_r1_sparse,28,10,398,2614,,,False,True,5,0,1.0453237036993772e-11,True,0.06170642003417015,0.024984975811094046,0.09804900269955397,388460,ok,False,49,73,,
interface_basis_schur_low_rank_r2_sparse,28,10,398,2614,,,False,True,5,0,1.3298699997561993e-11,True,0.06108310725539923,0.024422426242381334,0.09735270217061043,388496,ok,False,49,73,,
interface_basis_schur_low_rank_r4_sparse,28,10,398,2614,,,False,True,5,0,1.2298061488699838e-11,True,0.06655188510194421,0.028452144004404545,0.10747796716168523,388500,ok,False,49,73,,
semantic_cell_core_sparse,29,11,296,1936,,,False,True,6,0,7.539961905749974e-10,True,0.008614129852503538,0.0023124837316572666,0.024993341881781816,386148,ok,False,,,,
local_sparse_schur_sparse,29,11,296,1936,4096,spilu,False,True,5,0,1.1835326945436146e-12,True,0.059160948265343904,0.034989853855222464,0.10810699174180627,386908,ok,False,37,57,,
interface_basis_constant_r1_sparse,29,11,296,1936,,,False,True,5,0,3.4462766677345147e-10,True,0.0591000528074801,0.019171068910509348,0.09423939930275083,389644,ok,False,37,57,,
interface_basis_constant_r2_sparse,29,11,296,1936,,,False,True,5,0,3.753056809521288e-10,True,0.05539313284680247,0.023538433015346527,0.08729124628007412,389688,ok,False,37,57,,
interface_basis_constant_r4_sparse,29,11,296,1936,,,False,True,5,0,3.753056809521288e-10,True,0.06783683504909277,0.01937365997582674,0.1013412419706583,389696,ok,False,37,57,,
interface_basis_graph_laplacian_r1_sparse,29,11,296,1936,,,False,True,5,0,3.4168742896523956e-10,True,0.04437007801607251,0.018686596304178238,0.07159095304086804,389860,ok,False,37,57,,
interface_basis_graph_laplacian_r2_sparse,29,11,296,1936,,,False,True,5,0,3.753056809502683e-10,True,0.04959369311109185,0.03273801365867257,0.0912390910089016,389768,ok,False,37,57,,
interface_basis_graph_laplacian_r4_sparse,29,11,296,1936,,,False,True,5,0,4.077345849048513e-10,True,0.045031191781163216,0.018908645026385784,0.07261138502508402,389764,ok,False,37,57,,
interface_basis_snapshot_pod_r1_sparse,29,11,296,1936,,,False,True,5,0,5.840227152693934e-12,True,0.058449899312108755,0.019676549825817347,0.0866955048404634,389772,ok,False,37,57,,
interface_basis_snapshot_pod_r2_sparse,29,11,296,1936,,,False,True,5,0,5.4695802815843544e-12,True,0.05143597209826112,0.022043236065655947,0.08758498914539814,387944,ok,False,37,57,,
interface_basis_snapshot_pod_r4_sparse,29,11,296,1936,,,False,True,5,0,3.2597265424626013e-12,True,0.06507984409108758,0.01900854194536805,0.10143664199858904,387928,ok,False,37,57,,
interface_basis_schur_low_rank_r1_sparse,29,11,296,1936,,,False,True,5,0,1.1835335229937677e-12,True,0.050749088171869516,0.022974900901317596,0.08523315144702792,389748,ok,False,37,57,,
interface_basis_schur_low_rank_r2_sparse,29,11,296,1936,,,False,True,5,0,2.410329805808086e-12,True,0.04557960480451584,0.024219393730163574,0.07837223308160901,389788,ok,False,37,57,,
interface_basis_schur_low_rank_r4_sparse,29,11,296,1936,,,False,True,5,0,3.7216160948637765e-12,True,0.045867056120187044,0.019619752652943134,0.07372269732877612,389784,ok,False,37,57,,
semantic_cell_core_sparse,30,12,402,2550,,,False,True,8,0,2.602782781753351e-10,True,0.007369345985352993,0.0019662720151245594,0.020149792078882456,386556,ok,False,,,,
local_sparse_schur_sparse,30,12,402,2550,4096,spilu,False,True,7,0,7.602111653667272e-12,True,0.06005543190985918,0.030367982108145952,0.10170629993081093,387232,ok,False,68,105,,
interface_basis_constant_r1_sparse,30,12,402,2550,,,False,True,7,0,4.934567198799635e-12,True,0.06320907082408667,0.033003675285726786,0.10764133371412754,388484,ok,False,68,105,,
interface_basis_constant_r2_sparse,30,12,402,2550,,,False,True,7,0,7.986903026701687e-09,True,0.06260232906788588,0.0415469310246408,0.11537724081426859,388396,ok,False,68,105,,
interface_basis_constant_r4_sparse,30,12,402,2550,,,False,True,7,0,7.986903025198712e-09,True,0.06499442225322127,0.03283908497542143,0.10869638063013554,388444,ok,False,68,105,,
interface_basis_graph_laplacian_r1_sparse,30,12,402,2550,,,False,True,7,0,7.602277637272126e-12,True,0.08476417791098356,0.040306656155735254,0.13604673137888312,388508,ok,False,68,105,,
interface_basis_graph_laplacian_r2_sparse,30,12,402,2550,,,False,True,7,0,7.602898967827524e-12,True,0.05979389976710081,0.031317869666963816,0.10184070281684399,388540,ok,False,68,105,,
interface_basis_graph_laplacian_r4_sparse,30,12,402,2550,,,False,True,7,0,9.549774787662931e-09,True,0.08257605787366629,0.03637511329725385,0.13751885294914246,388536,ok,False,68,105,,
interface_basis_snapshot_pod_r1_sparse,30,12,402,2550,,,False,True,7,0,2.583151497099956e-11,True,0.06588723277673125,0.05616728076711297,0.14255787199363112,388540,ok,False,68,105,,
interface_basis_snapshot_pod_r2_sparse,30,12,402,2550,,,False,True,7,0,3.895977259170468e-11,True,0.08886235486716032,0.03481320198625326,0.13447841815650463,388560,ok,False,68,105,,
interface_basis_snapshot_pod_r4_sparse,30,12,402,2550,,,False,True,7,0,1.4787150707721787e-09,True,0.07254722388461232,0.030894753988832235,0.1151339327916503,388564,ok,False,68,105,,
interface_basis_schur_low_rank_r1_sparse,30,12,402,2550,,,False,True,7,0,7.602111653667272e-12,True,0.058687916956841946,0.041935643181204796,0.1113875899463892,388528,ok,False,68,105,,
interface_basis_schur_low_rank_r2_sparse,30,12,402,2550,,,False,True,7,0,7.602241230883029e-12,True,0.08190991403535008,0.044667225796729326,0.13718124805018306,388560,ok,False,68,105,,
interface_basis_schur_low_rank_r4_sparse,30,12,402,2550,,,False,True,7,0,7.601783349038324e-12,True,0.08646888704970479,0.04804031923413277,0.14939329214394093,388556,ok,False,68,105,,
semantic_cell_core_sparse,35,13,427,2747,,,False,True,8,0,2.445253437658019e-10,True,0.009127136785537004,0.0030426187440752983,0.024358156137168407,386592,ok,False,,,,
local_sparse_schur_sparse,35,13,427,2747,4096,spilu,False,True,7,0,1.0242143347862074e-11,True,0.0743052838370204,0.040051145013421774,0.13278774498030543,387476,ok,False,63,94,,
interface_basis_constant_r1_sparse,35,13,427,2747,,,False,True,7,0,5.61608020065145e-12,True,0.07383315498009324,0.033966016955673695,0.11938671069219708,388516,ok,False,63,94,,
interface_basis_constant_r2_sparse,35,13,427,2747,,,False,True,7,0,7.006348888638928e-12,True,0.08429874200373888,0.049190683756023645,0.14539969293400645,388552,ok,False,63,94,,
interface_basis_constant_r4_sparse,35,13,427,2747,,,False,True,8,0,1.02960450716581e-09,True,0.06734058959409595,0.0394351352006197,0.11889418261125684,388576,ok,False,63,94,,
interface_basis_graph_laplacian_r1_sparse,35,13,427,2747,,,False,True,7,0,2.714492530784768e-09,True,0.0694858399219811,0.0410231351852417,0.12673544883728027,388652,ok,False,63,94,,
interface_basis_graph_laplacian_r2_sparse,35,13,427,2747,,,False,True,7,0,4.074055418382382e-09,True,0.06676600780338049,0.033610847778618336,0.11340572917833924,388808,ok,False,63,94,,
interface_basis_graph_laplacian_r4_sparse,35,13,427,2747,,,False,True,8,0,1.029754797290044e-09,True,0.09059277316555381,0.038980087731033564,0.1602650536224246,388676,ok,False,63,94,,
interface_basis_snapshot_pod_r1_sparse,35,13,427,2747,,,False,True,7,0,1.0221351785960594e-11,True,0.10287865670397878,0.03368058893829584,0.1474134442396462,388772,ok,False,63,94,,
interface_basis_snapshot_pod_r2_sparse,35,13,427,2747,,,False,True,7,0,9.752995445999032e-12,True,0.0700300638563931,0.03497380530461669,0.11669255932793021,388704,ok,False,63,94,,
interface_basis_snapshot_pod_r4_sparse,35,13,427,2747,,,False,True,7,0,1.030085133121842e-11,True,0.06574620818719268,0.03192632691934705,0.1092306668870151,388728,ok,False,63,94,,
interface_basis_schur_low_rank_r1_sparse,35,13,427,2747,,,False,True,7,0,1.0242143347789298e-11,True,0.0960824596695602,0.039180285297334194,0.15382137103006244,388668,ok,False,63,94,,
interface_basis_schur_low_rank_r2_sparse,35,13,427,2747,,,False,True,7,0,1.0241787858093367e-11,True,0.06634622719138861,0.03292653989046812,0.11182154715061188,388692,ok,False,63,94,,
interface_basis_schur_low_rank_r4_sparse,35,13,427,2747,,,False,True,7,0,1.645768785299645e-10,True,0.06405991315841675,0.03262696601450443,0.10822890093550086,388672,ok,False,63,94,,
semantic_cell_core_sparse,37,14,98,594,,,False,True,8,0,1.7517381701172314e-10,True,0.004880779888480902,0.0032447087578475475,0.01387933362275362,385320,ok,False,,,,
local_sparse_schur_sparse,37,14,98,594,4096,spilu,False,True,7,0,1.4679195043758734e-13,True,0.014088899828493595,0.011335344053804874,0.028912751004099846,385884,ok,False,19,29,,
interface_basis_constant_r1_sparse,37,14,98,594,,,False,True,7,0,1.4679042730793482e-13,True,0.0196460229344666,0.013060672674328089,0.036325700115412474,387100,ok,False,19,29,,
interface_basis_constant_r2_sparse,37,14,98,594,,,False,True,7,0,1.4679042730793482e-13,True,0.02039340091869235,0.009840698912739754,0.03379907226189971,387100,ok,False,19,29,,
interface_basis_constant_r4_sparse,37,14,98,594,,,False,True,7,0,1.4679042730793482e-13,True,0.07830116804689169,0.009853133000433445,0.09158610366284847,387104,ok,False,19,29,,
interface_basis_graph_laplacian_r1_sparse,37,14,98,594,,,False,True,7,0,1.4679042730793482e-13,True,0.018586328253149986,0.009648648090660572,0.031731279101222754,387160,ok,False,19,29,,
interface_basis_graph_laplacian_r2_sparse,37,14,98,594,,,False,True,7,0,1.4679207526864065e-13,True,0.020283402409404516,0.011753841768950224,0.035550298634916544,387324,ok,False,19,29,,
interface_basis_graph_laplacian_r4_sparse,37,14,98,594,,,False,True,7,0,1.4679199809499128e-13,True,0.019254415296018124,0.009956256952136755,0.032724048011004925,387212,ok,False,19,29,,
interface_basis_snapshot_pod_r1_sparse,37,14,98,594,,,False,True,7,0,1.4679197739410165e-13,True,0.020182562991976738,0.009736373089253902,0.03363944170996547,387188,ok,False,19,29,,
interface_basis_snapshot_pod_r2_sparse,37,14,98,594,,,False,True,7,0,1.467920403295194e-13,True,0.027974404860287905,0.009985001292079687,0.04126787465065718,387228,ok,False,19,29,,
interface_basis_snapshot_pod_r4_sparse,37,14,98,594,,,False,True,7,0,1.4679192412448327e-13,True,0.022428401745855808,0.009571542963385582,0.03583350405097008,387236,ok,False,19,29,,
interface_basis_schur_low_rank_r1_sparse,37,14,98,594,,,False,True,7,0,1.4679195043758724e-13,True,0.027390295173972845,0.009899251163005829,0.040772323962301016,387196,ok,False,19,29,,
interface_basis_schur_low_rank_r2_sparse,37,14,98,594,,,False,True,7,0,1.4679199119052473e-13,True,0.01839414518326521,0.00951102888211608,0.03105651820078492,387208,ok,False,19,29,,
interface_basis_schur_low_rank_r4_sparse,37,14,98,594,,,False,True,7,0,1.4679192423427935e-13,True,0.02007003128528595,0.009814589750021696,0.03365780599415302,387236,ok,False,19,29,,
semantic_cell_core_sparse,38,15,129,813,,,False,True,8,0,1.192557986660861e-10,True,0.003138418775051832,0.001978195272386074,0.009384651202708483,385468,ok,False,,,,
local_sparse_schur_sparse,38,15,129,813,4096,spilu,False,True,7,0,2.2431420291835637e-13,True,0.01750684529542923,0.012551954947412014,0.03416548203676939,386048,ok,False,20,33,,
interface_basis_constant_r1_sparse,38,15,129,813,,,False,True,7,0,2.2431428866044058e-13,True,0.02281856583431363,0.011928100138902664,0.03902698727324605,387336,ok,False,20,33,,
interface_basis_constant_r2_sparse,38,15,129,813,,,False,True,7,0,2.2431428866044058e-13,True,0.027103164233267307,0.012386172078549862,0.04393864516168833,387348,ok,False,20,33,,
interface_basis_constant_r4_sparse,38,15,129,813,,,False,True,7,0,2.2431428866044058e-13,True,0.02597927814349532,0.01191026670858264,0.0422093290835619,387460,ok,False,20,33,,
interface_basis_graph_laplacian_r1_sparse,38,15,129,813,,,False,True,7,0,2.2431428866044058e-13,True,0.03774195723235607,0.011899455916136503,0.05877991020679474,387420,ok,False,20,33,,
interface_basis_graph_laplacian_r2_sparse,38,15,129,813,,,False,True,7,0,2.2431426374219073e-13,True,0.0254342220723629,0.011623926926404238,0.04096844187006354,387456,ok,False,20,33,,
interface_basis_graph_laplacian_r4_sparse,38,15,129,813,,,False,True,7,0,2.243145027045033e-13,True,0.02521483926102519,0.012361134868115187,0.04201836930587888,387468,ok,False,20,33,,
interface_basis_snapshot_pod_r1_sparse,38,15,129,813,,,False,True,7,0,2.2431442838556877e-13,True,0.027154741808772087,0.01394041907042265,0.045656018890440464,387464,ok,False,20,33,,
interface_basis_snapshot_pod_r2_sparse,38,15,129,813,,,False,True,7,0,2.2431438264784863e-13,True,0.023484932258725166,0.01207182090729475,0.03955222573131323,387496,ok,False,20,33,,
interface_basis_snapshot_pod_r4_sparse,38,15,129,813,,,False,True,7,0,2.2431444592838287e-13,True,0.02501460211351514,0.011844612658023834,0.041832197923213243,387492,ok,False,20,33,,
interface_basis_schur_low_rank_r1_sparse,38,15,129,813,,,False,True,7,0,2.2431428614035255e-13,True,0.024547803215682507,0.011991930194199085,0.04065442085266113,387556,ok,False,20,33,,
interface_basis_schur_low_rank_r2_sparse,38,15,129,813,,,False,True,7,0,2.2431428614035255e-13,True,0.027430310379713774,0.012068884912878275,0.04376337490975857,387464,ok,False,20,33,,
interface_basis_schur_low_rank_r4_sparse,38,15,129,813,,,False,True,7,0,2.2431432255703026e-13,True,0.021734324749559164,0.011656909715384245,0.037440719082951546,387468,ok,False,20,33,,
semantic_cell_core_sparse,39,16,322,2070,,,False,True,10,0,4.4958474635153935e-10,True,0.006335478741675615,0.0023748320527374744,0.018282045144587755,386108,ok,False,,,,
local_sparse_schur_sparse,39,16,322,2070,4096,spilu,False,True,8,0,3.7798251989502825e-09,True,0.040840200148522854,0.029468538239598274,0.08046122593805194,386932,ok,False,48,72,,
interface_basis_constant_r1_sparse,39,16,322,2070,,,False,True,8,0,3.772780861696575e-09,True,0.049586358945816755,0.027731578331440687,0.08952333917841315,388248,ok,False,48,72,,
interface_basis_constant_r2_sparse,39,16,322,2070,,,False,True,8,0,3.771618870859013e-09,True,0.056082942988723516,0.045129137113690376,0.11046277824789286,388252,ok,False,48,72,,
interface_basis_constant_r4_sparse,39,16,322,2070,,,False,True,8,0,3.760263317512067e-09,True,0.04569411091506481,0.027695049066096544,0.08252359926700592,388288,ok,False,48,72,,
interface_basis_graph_laplacian_r1_sparse,39,16,322,2070,,,False,True,8,0,3.779826908460761e-09,True,0.04568500304594636,0.02800877019762993,0.08251389069482684,388292,ok,False,48,72,,
interface_basis_graph_laplacian_r2_sparse,39,16,322,2070,,,False,True,8,0,3.779826787684878e-09,True,0.051501945592463017,0.031665023881942034,0.09369048615917563,388332,ok,False,48,72,,
interface_basis_graph_laplacian_r4_sparse,39,16,322,2070,,,False,True,8,0,3.760263317456688e-09,True,0.04766277829185128,0.028131880797445774,0.08486798265948892,388352,ok,False,48,72,,
interface_basis_snapshot_pod_r1_sparse,39,16,322,2070,,,False,True,8,0,3.779818544416139e-09,True,0.05735560925677419,0.02860847907140851,0.09554478712379932,388344,ok,False,48,72,,
interface_basis_snapshot_pod_r2_sparse,39,16,322,2070,,,False,True,8,0,3.7787472809338616e-09,True,0.05100996978580952,0.029272078070789576,0.08954137284308672,388404,ok,False,48,72,,
interface_basis_snapshot_pod_r4_sparse,39,16,322,2070,,,False,True,8,0,3.777239162600484e-09,True,0.05225020507350564,0.03000450786203146,0.0913077793084085,388396,ok,False,48,72,,
interface_basis_schur_low_rank_r1_sparse,39,16,322,2070,,,False,True,8,0,3.779825199006966e-09,True,0.047448272816836834,0.028710059821605682,0.08470879402011633,388312,ok,False,48,72,,
interface_basis_schur_low_rank_r2_sparse,39,16,322,2070,,,False,True,8,0,3.779763601455793e-09,True,0.06933152908459306,0.09155094670131803,0.17712318617850542,388332,ok,False,48,72,,
interface_basis_schur_low_rank_r4_sparse,39,16,322,2070,,,False,True,8,0,3.779749906763895e-09,True,0.047743520233780146,0.02868239814415574,0.0854045539163053,388348,ok,False,48,72,,
semantic_cell_core_sparse,41,17,435,2847,,,False,True,8,0,1.4172482344950902e-10,True,0.017625337932258844,0.0035941977985203266,0.03890835214406252,386724,ok,False,,,,
local_sparse_schur_sparse,41,17,435,2847,4096,spilu,False,True,7,0,7.99240542222136e-11,True,0.05630446970462799,0.03541047731414437,0.10479637701064348,387440,ok,False,56,85,,
interface_basis_constant_r1_sparse,41,17,435,2847,,,False,True,7,0,3.057507858801187e-11,True,0.08708145096898079,0.05256437696516514,0.1572939888574183,388572,ok,False,56,85,,
interface_basis_constant_r2_sparse,41,17,435,2847,,,False,True,7,0,2.0297068044078484e-09,True,0.07220297632738948,0.033685990143567324,0.12068302184343338,388636,ok,False,56,85,,
interface_basis_constant_r4_sparse,41,17,435,2847,,,False,True,7,0,2.0297068044078484e-09,True,0.09247851418331265,0.03989156475290656,0.15145999379456043,388600,ok,False,56,85,,
interface_basis_graph_laplacian_r1_sparse,41,17,435,2847,,,False,True,7,0,3.05691932850165e-11,True,0.08990637073293328,0.03699659323319793,0.1419468210078776,388732,ok,False,56,85,,
interface_basis_graph_laplacian_r2_sparse,41,17,435,2847,,,False,True,7,0,2.0297068056543724e-09,True,0.0711516160517931,0.03816127683967352,0.12196701997891068,388716,ok,False,56,85,,
interface_basis_graph_laplacian_r4_sparse,41,17,435,2847,,,False,True,7,0,2.3140923582575064e-09,True,0.08043879317119718,0.03690948989242315,0.13214341085404158,388732,ok,False,56,85,,
interface_basis_snapshot_pod_r1_sparse,41,17,435,2847,,,False,True,7,0,8.067803078026554e-11,True,0.06861982913687825,0.03466886002570391,0.11595310596749187,388712,ok,False,56,85,,
interface_basis_snapshot_pod_r2_sparse,41,17,435,2847,,,False,True,7,0,8.572724011300885e-11,True,0.08484208397567272,0.03765258891507983,0.13873012410476804,388732,ok,False,56,85,,
interface_basis_snapshot_pod_r4_sparse,41,17,435,2847,,,False,True,7,0,3.116945379968431e-11,True,0.06737762922421098,0.03363969177007675,0.11392017779871821,388716,ok,False,56,85,,
interface_basis_schur_low_rank_r1_sparse,41,17,435,2847,,,False,True,7,0,7.992405437604855e-11,True,0.09479712881147861,0.036592232063412666,0.15451481565833092,388704,ok,False,56,85,,
interface_basis_schur_low_rank_r2_sparse,41,17,435,2847,,,False,True,7,0,7.992342736866334e-11,True,0.09402306191623211,0.04728109808638692,0.15382368536666036,388716,ok,False,56,85,,
interface_basis_schur_low_rank_r4_sparse,41,17,435,2847,,,False,True,7,0,2.1678081838122765e-11,True,0.06972179282456636,0.03437426500022411,0.11679763719439507,388764,ok,False,56,85,,
semantic_cell_core_sparse,44,18,92,572,,,False,True,8,0,1.0005877802002774e-10,True,0.002511529251933098,0.0016707461327314377,0.007570725865662098,385304,ok,False,,,,
local_sparse_schur_sparse,44,18,92,572,4096,spilu,False,True,7,0,1.4485872548316965e-13,True,0.034274146892130375,0.014592687133699656,0.06106458278372884,385924,ok,False,13,22,,
interface_basis_constant_r1_sparse,44,18,92,572,,,False,True,7,0,1.4485874992653745e-13,True,0.018532856833189726,0.00910517480224371,0.03093030070886016,387052,ok,False,13,22,,
interface_basis_constant_r2_sparse,44,18,92,572,,,False,True,7,0,1.4485874992653745e-13,True,0.019405009225010872,0.009548659902065992,0.032615433912724257,387064,ok,False,13,22,,
interface_basis_constant_r4_sparse,44,18,92,572,,,False,True,7,0,1.4485874992653745e-13,True,0.01637766882777214,0.00945690693333745,0.028901841025799513,387056,ok,False,13,22,,
interface_basis_graph_laplacian_r1_sparse,44,18,92,572,,,False,True,7,0,1.4485874992653745e-13,True,0.01607920601963997,0.009279402904212475,0.0284483483992517,387148,ok,False,13,22,,
interface_basis_graph_laplacian_r2_sparse,44,18,92,572,,,False,True,7,0,1.448586062979442e-13,True,0.01643734099343419,0.009834136813879013,0.029395179823040962,387252,ok,False,13,22,,
interface_basis_graph_laplacian_r4_sparse,44,18,92,572,,,False,True,7,0,1.448588993788992e-13,True,0.01971564395353198,0.01040930999442935,0.03345025610178709,387176,ok,False,13,22,,
interface_basis_snapshot_pod_r1_sparse,44,18,92,572,,,False,True,7,0,1.448586299037064e-13,True,0.020436120685189962,0.009568005800247192,0.03318531718105078,387172,ok,False,13,22,,
interface_basis_snapshot_pod_r2_sparse,44,18,92,572,,,False,True,7,0,1.4485866541182592e-13,True,0.025049707852303982,0.013388510327786207,0.04272252507507801,387192,ok,False,13,22,,
interface_basis_snapshot_pod_r4_sparse,44,18,92,572,,,False,True,7,0,1.4485871347680134e-13,True,0.02059341687709093,0.009643146768212318,0.03358704410493374,387216,ok,False,13,22,,
interface_basis_schur_low_rank_r1_sparse,44,18,92,572,,,False,True,7,0,1.4485857141450333e-13,True,0.01900542713701725,0.009390360675752163,0.0316148498095572,387124,ok,False,13,22,,
interface_basis_schur_low_rank_r2_sparse,44,18,92,572,,,False,True,7,0,1.448587743221185e-13,True,0.17224040254950523,0.02835407992824912,0.23041068529710174,387164,ok,False,13,22,,
interface_basis_schur_low_rank_r4_sparse,44,18,92,572,,,False,True,7,0,1.448587990059327e-13,True,0.01703337300568819,0.00938840676099062,0.029673163779079914,387184,ok,False,13,22,,
semantic_cell_core_sparse,49,19,401,2617,,,False,True,7,0,2.249140684705703e-09,True,0.00744609022513032,0.0018067117780447006,0.020903821103274822,386620,ok,False,,,,
local_sparse_schur_sparse,49,19,401,2617,4096,spilu,False,True,5,0,2.090019431266554e-12,True,0.04659307422116399,0.02434698399156332,0.08216356206685305,387340,ok,False,52,77,,
interface_basis_constant_r1_sparse,49,19,401,2617,,,False,True,5,0,4.296142891976299e-10,True,0.15441269287839532,0.0374011448584497,0.2678919113241136,388420,ok,False,52,77,,
interface_basis_constant_r2_sparse,49,19,401,2617,,,False,True,5,0,4.6114849726261584e-10,True,0.060047858860343695,0.025380960665643215,0.0969928540289402,388472,ok,False,52,77,,
interface_basis_constant_r4_sparse,49,19,401,2617,,,False,True,5,0,4.6114849726261584e-10,True,0.0952827837318182,0.03679505409672856,0.15361771686002612,388448,ok,False,52,77,,
interface_basis_graph_laplacian_r1_sparse,49,19,401,2617,,,False,True,5,0,4.692274094310719e-10,True,0.09518605191260576,0.038717472925782204,0.15273467358201742,388500,ok,False,52,77,,
interface_basis_graph_laplacian_r2_sparse,49,19,401,2617,,,False,True,5,0,4.611484972626133e-10,True,0.0883713299408555,0.027123101986944675,0.14584240643307567,388624,ok,False,52,77,,
interface_basis_graph_laplacian_r4_sparse,49,19,401,2617,,,False,True,5,0,4.825602502042752e-10,True,0.055285932030528784,0.025599243119359016,0.09180131834000349,388524,ok,False,52,77,,
interface_basis_snapshot_pod_r1_sparse,49,19,401,2617,,,False,True,5,0,2.0780270028531802e-10,True,0.055228183045983315,0.0239262031391263,0.09023224422708154,388512,ok,False,52,77,,
interface_basis_snapshot_pod_r2_sparse,49,19,401,2617,,,False,True,5,0,2.8566234020709894e-10,True,0.06246114242821932,0.026235940866172314,0.10013316804543138,388540,ok,False,52,77,,
interface_basis_snapshot_pod_r4_sparse,49,19,401,2617,,,False,True,5,0,7.717606494812822e-11,True,0.06579125206917524,0.026272891089320183,0.10521906381472945,388528,ok,False,52,77,,
interface_basis_schur_low_rank_r1_sparse,49,19,401,2617,,,False,True,5,0,2.09001943143394e-12,True,0.060837815050035715,0.02709624171257019,0.09946212265640497,388508,ok,False,52,77,,
interface_basis_schur_low_rank_r2_sparse,49,19,401,2617,,,False,True,5,0,2.0900284631987197e-12,True,0.05874196905642748,0.025115130934864283,0.09540759865194559,388556,ok,False,52,77,,
interface_basis_schur_low_rank_r4_sparse,49,19,401,2617,,,False,True,5,0,8.221999414447843e-12,True,0.06257452582940459,0.02457432309165597,0.10703966207802296,388560,ok,False,52,77,,
